method,seed,run_dir,strategy,task_idx,task_name,family,depth,selection_cap,similarity_threshold,num_selection_events,relevant_prior_count,support_size,support_fraction,same_family_precision,same_family_recall,any_same_family,parent_selected,family_pure_support,jaccard_stability,cap_utilization,raw_support_size,raw_same_family_precision,raw_same_family_recall,raw_parent_selected,raw_cap_utilization,performance_filter_retention,selected_similarity_mean,raw_selected_similarity_mean,threshold_qualified_count,first_correct_found,selection_events_until_first_correct,steps_until_first_correct
Mask-SC-3,86,/home/lunet/cosn2/side_projects/LARA/mask-lrl-cluster-optimization/log/checklist_runs/ct28-interleaved-MaskSC-3-thesis/MetaCTgraph-ppo-supermask-86-mask-linear_comb-ct14_md/260619-160541,similarity,4,F1-D3,F1,3,3,0.5,100,1,1.0,0.25,1.0,1.0,1.0,1.0,1.0,1.0,0.3333333333333334,1.0,1.0,1.0,1.0,0.3333333333333334,1.0,0.77545467,0.77545467,1.0,1.0,1.0,512.0
Mask-SC-3,86,/home/lunet/cosn2/side_projects/LARA/mask-lrl-cluster-optimization/log/checklist_runs/ct28-interleaved-MaskSC-3-thesis/MetaCTgraph-ppo-supermask-86-mask-linear_comb-ct14_md/260619-160541,similarity,5,F2-D3,F2,3,3,0.5,100,1,1.0,0.19999999999999996,1.0,1.0,1.0,1.0,1.0,1.0,0.3333333333333334,1.0,1.0,1.0,1.0,0.3333333333333334,1.0,0.7833429700000001,0.7833429700000001,1.0,1.0,1.0,512.0
Mask-SC-3,86,/home/lunet/cosn2/side_projects/LARA/mask-lrl-cluster-optimization/log/checklist_runs/ct28-interleaved-MaskSC-3-thesis/MetaCTgraph-ppo-supermask-86-mask-linear_comb-ct14_md/260619-160541,similarity,6,F3-D3,F3,3,3,0.5,100,1,1.0,0.1666666666666667,1.0,1.0,1.0,1.0,1.0,1.0,0.3333333333333334,1.0,1.0,1.0,1.0,0.3333333333333334,1.0,0.7926559999999998,0.7926559999999998,1.0,1.0,1.0,512.0
Mask-SC-3,86,/home/lunet/cosn2/side_projects/LARA/mask-lrl-cluster-optimization/log/checklist_runs/ct28-interleaved-MaskSC-3-thesis/MetaCTgraph-ppo-supermask-86-mask-linear_comb-ct14_md/260619-160541,similarity,7,F4-D3,F4,3,3,0.5,100,1,1.0,0.1428571428571428,1.0,1.0,1.0,1.0,1.0,1.0,0.3333333333333334,1.0,1.0,1.0,1.0,0.3333333333333334,1.0,0.8193745500000001,0.8193745500000001,1.0,1.0,1.0,512.0
Mask-SC-3,86,/home/lunet/cosn2/side_projects/LARA/mask-lrl-cluster-optimization/log/checklist_runs/ct28-interleaved-MaskSC-3-thesis/MetaCTgraph-ppo-supermask-86-mask-linear_comb-ct14_md/260619-160541,similarity,8,F1-D4,F1,4,3,0.5,100,2,2.0,0.25,1.0,1.0,1.0,1.0,1.0,1.0,0.6666666666666669,2.0,1.0,1.0,1.0,0.6666666666666669,1.0,0.7895749899999999,0.7895749899999999,2.0,1.0,1.0,512.0
Mask-SC-3,86,/home/lunet/cosn2/side_projects/LARA/mask-lrl-cluster-optimization/log/checklist_runs/ct28-interleaved-MaskSC-3-thesis/MetaCTgraph-ppo-supermask-86-mask-linear_comb-ct14_md/260619-160541,similarity,9,F2-D4,F2,4,3,0.5,100,2,2.0,0.22222222222222224,1.0,1.0,1.0,1.0,1.0,1.0,0.6666666666666669,2.0,1.0,1.0,1.0,0.6666666666666669,1.0,0.7778629300000002,0.7778629300000002,2.0,1.0,1.0,512.0
Mask-SC-3,86,/home/lunet/cosn2/side_projects/LARA/mask-lrl-cluster-optimization/log/checklist_runs/ct28-interleaved-MaskSC-3-thesis/MetaCTgraph-ppo-supermask-86-mask-linear_comb-ct14_md/260619-160541,similarity,10,F3-D4,F3,4,3,0.5,100,2,2.0,0.19999999999999996,1.0,1.0,1.0,1.0,1.0,1.0,0.6666666666666669,2.0,1.0,1.0,1.0,0.6666666666666669,1.0,0.7773850899999998,0.7773850899999998,2.0,1.0,1.0,512.0
Mask-SC-3,86,/home/lunet/cosn2/side_projects/LARA/mask-lrl-cluster-optimization/log/checklist_runs/ct28-interleaved-MaskSC-3-thesis/MetaCTgraph-ppo-supermask-86-mask-linear_comb-ct14_md/260619-160541,similarity,11,F4-D4,F4,4,3,0.5,100,2,2.0,0.1818181818181819,1.0,1.0,1.0,1.0,1.0,1.0,0.6666666666666669,2.0,1.0,1.0,1.0,0.6666666666666669,1.0,0.8249637799999999,0.8249637799999999,2.0,1.0,1.0,512.0
Mask-SC-3,86,/home/lunet/cosn2/side_projects/LARA/mask-lrl-cluster-optimization/log/checklist_runs/ct28-interleaved-MaskSC-3-thesis/MetaCTgraph-ppo-supermask-86-mask-linear_comb-ct14_md/260619-160541,similarity,12,F1-D5,F1,5,3,0.5,100,3,3.0,0.25,1.0,1.0,1.0,1.0,1.0,1.0,1.0,3.0,1.0,1.0,1.0,1.0,1.0,0.7790105266666666,0.7790105266666666,3.0,1.0,1.0,512.0
Mask-SC-3,86,/home/lunet/cosn2/side_projects/LARA/mask-lrl-cluster-optimization/log/checklist_runs/ct28-interleaved-MaskSC-3-thesis/MetaCTgraph-ppo-supermask-86-mask-linear_comb-ct14_md/260619-160541,similarity,13,F2-D5,F2,5,3,0.5,100,3,3.0,0.23076923076923075,1.0,1.0,1.0,1.0,1.0,1.0,1.0,3.0,1.0,1.0,1.0,1.0,1.0,0.7848075999999999,0.7848075999999999,3.0,1.0,1.0,512.0
Mask-SC-3,86,/home/lunet/cosn2/side_projects/LARA/mask-lrl-cluster-optimization/log/checklist_runs/ct28-interleaved-MaskSC-3-thesis/MetaCTgraph-ppo-supermask-86-mask-linear_comb-ct14_md/260619-160541,similarity,14,F3-D5,F3,5,3,0.5,100,3,3.0,0.2142857142857143,1.0,1.0,1.0,1.0,1.0,1.0,1.0,3.0,1.0,1.0,1.0,1.0,1.0,0.7811802866666667,0.7811802866666667,3.0,1.0,1.0,512.0
Mask-SC-3,86,/home/lunet/cosn2/side_projects/LARA/mask-lrl-cluster-optimization/log/checklist_runs/ct28-interleaved-MaskSC-3-thesis/MetaCTgraph-ppo-supermask-86-mask-linear_comb-ct14_md/260619-160541,similarity,15,F4-D5,F4,5,3,0.5,100,3,3.0,0.19999999999999996,1.0,1.0,1.0,1.0,1.0,1.0,1.0,3.0,1.0,1.0,1.0,1.0,1.0,0.8080768766666668,0.8080768766666668,3.0,1.0,1.0,512.0
Mask-SC-3,86,/home/lunet/cosn2/side_projects/LARA/mask-lrl-cluster-optimization/log/checklist_runs/ct28-interleaved-MaskSC-3-thesis/MetaCTgraph-ppo-supermask-86-mask-linear_comb-ct14_md/260619-160541,similarity,16,F1-D6,F1,6,3,0.5,100,4,3.0,0.1875,1.0,0.75,1.0,0.99,1.0,0.7929292929292929,1.0,3.0,1.0,0.75,0.99,1.0,1.0,0.8108285499999998,0.8108285499999998,4.0,1.0,1.0,512.0
Mask-SC-3,86,/home/lunet/cosn2/side_projects/LARA/mask-lrl-cluster-optimization/log/checklist_runs/ct28-interleaved-MaskSC-3-thesis/MetaCTgraph-ppo-supermask-86-mask-linear_comb-ct14_md/260619-160541,similarity,17,F2-D6,F2,6,3,0.5,100,4,3.0,0.1764705882352941,1.0,0.75,1.0,0.99,1.0,0.8181818181818182,1.0,3.0,1.0,0.75,0.99,1.0,1.0,0.8235485366666666,0.8235485366666666,4.0,1.0,1.0,512.0
Mask-SC-3,86,/home/lunet/cosn2/side_projects/LARA/mask-lrl-cluster-optimization/log/checklist_runs/ct28-interleaved-MaskSC-3-thesis/MetaCTgraph-ppo-supermask-86-mask-linear_comb-ct14_md/260619-160541,similarity,18,F3-D6,F3,6,3,0.5,100,4,3.0,0.1666666666666667,1.0,0.75,1.0,0.99,1.0,0.9494949494949495,1.0,3.0,1.0,0.75,0.99,1.0,1.0,0.82961175,0.82961175,4.0,1.0,1.0,512.0
Mask-SC-3,86,/home/lunet/cosn2/side_projects/LARA/mask-lrl-cluster-optimization/log/checklist_runs/ct28-interleaved-MaskSC-3-thesis/MetaCTgraph-ppo-supermask-86-mask-linear_comb-ct14_md/260619-160541,similarity,19,F4-D6,F4,6,3,0.5,100,4,3.0,0.15789473684210525,1.0,0.75,1.0,1.0,1.0,0.8535353535353535,1.0,3.0,1.0,0.75,1.0,1.0,1.0,0.8487697466666667,0.8487697466666668,4.0,1.0,1.0,512.0
Mask-SC-3,86,/home/lunet/cosn2/side_projects/LARA/mask-lrl-cluster-optimization/log/checklist_runs/ct28-interleaved-MaskSC-3-thesis/MetaCTgraph-ppo-supermask-86-mask-linear_comb-ct14_md/260619-160541,similarity,20,F1-D7,F1,7,3,0.5,100,5,3.0,0.15,1.0,0.6,1.0,0.91,1.0,0.8232323232323232,1.0,3.0,1.0,0.6,0.91,1.0,1.0,0.8124211433333334,0.8124211433333334,5.0,1.0,1.0,512.0
Mask-SC-3,86,/home/lunet/cosn2/side_projects/LARA/mask-lrl-cluster-optimization/log/checklist_runs/ct28-interleaved-MaskSC-3-thesis/MetaCTgraph-ppo-supermask-86-mask-linear_comb-ct14_md/260619-160541,similarity,21,F2-D7,F2,7,3,0.5,100,5,3.0,0.1428571428571428,1.0,0.6,1.0,1.0,1.0,0.8939393939393939,1.0,3.0,1.0,0.6,1.0,1.0,1.0,0.8172913233333334,0.8172913233333334,5.0,1.0,1.0,512.0
Mask-SC-3,86,/home/lunet/cosn2/side_projects/LARA/mask-lrl-cluster-optimization/log/checklist_runs/ct28-interleaved-MaskSC-3-thesis/MetaCTgraph-ppo-supermask-86-mask-linear_comb-ct14_md/260619-160541,similarity,22,F3-D7,F3,7,3,0.5,100,5,3.0,0.13636363636363633,1.0,0.6,1.0,1.0,1.0,0.7818181818181819,1.0,3.0,1.0,0.6,1.0,1.0,1.0,0.8015117866666668,0.8015117866666668,5.0,1.0,1.0,512.0
Mask-SC-3,86,/home/lunet/cosn2/side_projects/LARA/mask-lrl-cluster-optimization/log/checklist_runs/ct28-interleaved-MaskSC-3-thesis/MetaCTgraph-ppo-supermask-86-mask-linear_comb-ct14_md/260619-160541,similarity,23,F4-D7,F4,7,3,0.5,100,5,3.0,0.13043478260869562,1.0,0.6,1.0,0.99,1.0,0.7828282828282829,1.0,3.0,1.0,0.6,0.99,1.0,1.0,0.8679055166666666,0.8679055166666666,5.0,1.0,1.0,512.0
Mask-SC-3,86,/home/lunet/cosn2/side_projects/LARA/mask-lrl-cluster-optimization/log/checklist_runs/ct28-interleaved-MaskSC-3-thesis/MetaCTgraph-ppo-supermask-86-mask-linear_comb-ct14_md/260619-160541,similarity,24,F1-D8,F1,8,3,0.5,100,6,3.0,0.125,1.0,0.5,1.0,0.95,1.0,0.8939393939393939,1.0,3.0,1.0,0.5,0.95,1.0,1.0,0.8306640433333332,0.8306640433333332,6.0,1.0,1.0,512.0
Mask-SC-3,86,/home/lunet/cosn2/side_projects/LARA/mask-lrl-cluster-optimization/log/checklist_runs/ct28-interleaved-MaskSC-3-thesis/MetaCTgraph-ppo-supermask-86-mask-linear_comb-ct14_md/260619-160541,similarity,25,F2-D8,F2,8,3,0.5,100,6,3.0,0.12,1.0,0.5,1.0,0.97,1.0,0.9767676767676768,1.0,3.0,1.0,0.5,0.97,1.0,1.0,0.8377160466666667,0.8377160466666667,6.0,1.0,1.0,512.0
Mask-SC-3,86,/home/lunet/cosn2/side_projects/LARA/mask-lrl-cluster-optimization/log/checklist_runs/ct28-interleaved-MaskSC-3-thesis/MetaCTgraph-ppo-supermask-86-mask-linear_comb-ct14_md/260619-160541,similarity,26,F3-D8,F3,8,3,0.5,100,6,3.0,0.11538461538461538,1.0,0.5,1.0,0.94,1.0,0.9292929292929293,1.0,3.0,1.0,0.5,0.94,1.0,1.0,0.8361335400000001,0.8361335400000001,6.0,1.0,1.0,512.0
Mask-SC-3,86,/home/lunet/cosn2/side_projects/LARA/mask-lrl-cluster-optimization/log/checklist_runs/ct28-interleaved-MaskSC-3-thesis/MetaCTgraph-ppo-supermask-86-mask-linear_comb-ct14_md/260619-160541,similarity,27,F4-D8,F4,8,3,0.5,100,6,3.0,0.11111111111111112,1.0,0.5,1.0,0.99,1.0,0.991919191919192,1.0,3.0,1.0,0.5,0.99,1.0,1.0,0.8802362533333333,0.8802362533333333,6.0,1.0,1.0,512.0
Mask-SC-3,87,/home/lunet/cosn2/side_projects/LARA/mask-lrl-cluster-optimization/log/checklist_runs/ct28-interleaved-MaskSC-3-thesis/MetaCTgraph-ppo-supermask-87-mask-linear_comb-ct14_md/260619-160541,similarity,4,F1-D3,F1,3,3,0.5,100,1,1.0,0.25,1.0,1.0,1.0,1.0,1.0,1.0,0.3333333333333334,1.0,1.0,1.0,1.0,0.3333333333333334,1.0,0.7807383599999997,0.7807383599999997,1.0,1.0,1.0,512.0
Mask-SC-3,87,/home/lunet/cosn2/side_projects/LARA/mask-lrl-cluster-optimization/log/checklist_runs/ct28-interleaved-MaskSC-3-thesis/MetaCTgraph-ppo-supermask-87-mask-linear_comb-ct14_md/260619-160541,similarity,5,F2-D3,F2,3,3,0.5,100,1,1.0,0.19999999999999996,1.0,1.0,1.0,1.0,1.0,1.0,0.3333333333333334,1.0,1.0,1.0,1.0,0.3333333333333334,1.0,0.7880043499999999,0.7880043499999999,1.0,1.0,1.0,512.0
Mask-SC-3,87,/home/lunet/cosn2/side_projects/LARA/mask-lrl-cluster-optimization/log/checklist_runs/ct28-interleaved-MaskSC-3-thesis/MetaCTgraph-ppo-supermask-87-mask-linear_comb-ct14_md/260619-160541,similarity,6,F3-D3,F3,3,3,0.5,100,1,1.0,0.1666666666666667,1.0,1.0,1.0,1.0,1.0,1.0,0.3333333333333334,1.0,1.0,1.0,1.0,0.3333333333333334,1.0,0.7657344500000002,0.7657344500000002,1.0,1.0,1.0,512.0
Mask-SC-3,87,/home/lunet/cosn2/side_projects/LARA/mask-lrl-cluster-optimization/log/checklist_runs/ct28-interleaved-MaskSC-3-thesis/MetaCTgraph-ppo-supermask-87-mask-linear_comb-ct14_md/260619-160541,similarity,7,F4-D3,F4,3,3,0.5,100,1,1.0,0.1428571428571428,1.0,1.0,1.0,1.0,1.0,1.0,0.3333333333333334,1.0,1.0,1.0,1.0,0.3333333333333334,1.0,0.8285277999999998,0.8285277999999998,1.0,1.0,1.0,512.0
Mask-SC-3,87,/home/lunet/cosn2/side_projects/LARA/mask-lrl-cluster-optimization/log/checklist_runs/ct28-interleaved-MaskSC-3-thesis/MetaCTgraph-ppo-supermask-87-mask-linear_comb-ct14_md/260619-160541,similarity,8,F1-D4,F1,4,3,0.5,100,2,2.0,0.25,1.0,1.0,1.0,1.0,1.0,1.0,0.6666666666666669,2.0,1.0,1.0,1.0,0.6666666666666669,1.0,0.782763585,0.782763585,2.0,1.0,1.0,512.0
Mask-SC-3,87,/home/lunet/cosn2/side_projects/LARA/mask-lrl-cluster-optimization/log/checklist_runs/ct28-interleaved-MaskSC-3-thesis/MetaCTgraph-ppo-supermask-87-mask-linear_comb-ct14_md/260619-160541,similarity,9,F2-D4,F2,4,3,0.5,100,2,2.0,0.22222222222222224,1.0,1.0,1.0,1.0,1.0,1.0,0.6666666666666669,2.0,1.0,1.0,1.0,0.6666666666666669,1.0,0.759730655,0.759730655,2.0,1.0,1.0,512.0
Mask-SC-3,87,/home/lunet/cosn2/side_projects/LARA/mask-lrl-cluster-optimization/log/checklist_runs/ct28-interleaved-MaskSC-3-thesis/MetaCTgraph-ppo-supermask-87-mask-linear_comb-ct14_md/260619-160541,similarity,10,F3-D4,F3,4,3,0.5,100,2,2.0,0.19999999999999996,1.0,1.0,1.0,1.0,1.0,1.0,0.6666666666666669,2.0,1.0,1.0,1.0,0.6666666666666669,1.0,0.7783321049999999,0.7783321049999999,2.0,1.0,1.0,512.0
Mask-SC-3,87,/home/lunet/cosn2/side_projects/LARA/mask-lrl-cluster-optimization/log/checklist_runs/ct28-interleaved-MaskSC-3-thesis/MetaCTgraph-ppo-supermask-87-mask-linear_comb-ct14_md/260619-160541,similarity,11,F4-D4,F4,4,3,0.5,100,2,2.0,0.1818181818181819,1.0,1.0,1.0,1.0,1.0,1.0,0.6666666666666669,2.0,1.0,1.0,1.0,0.6666666666666669,1.0,0.8327471650000001,0.8327471650000001,2.0,1.0,1.0,512.0
Mask-SC-3,87,/home/lunet/cosn2/side_projects/LARA/mask-lrl-cluster-optimization/log/checklist_runs/ct28-interleaved-MaskSC-3-thesis/MetaCTgraph-ppo-supermask-87-mask-linear_comb-ct14_md/260619-160541,similarity,12,F1-D5,F1,5,3,0.5,100,3,3.0,0.25,1.0,1.0,1.0,1.0,1.0,1.0,1.0,3.0,1.0,1.0,1.0,1.0,1.0,0.7792237033333334,0.7792237033333334,3.0,1.0,1.0,512.0
Mask-SC-3,87,/home/lunet/cosn2/side_projects/LARA/mask-lrl-cluster-optimization/log/checklist_runs/ct28-interleaved-MaskSC-3-thesis/MetaCTgraph-ppo-supermask-87-mask-linear_comb-ct14_md/260619-160541,similarity,13,F2-D5,F2,5,3,0.5,100,3,3.0,0.23076923076923075,1.0,1.0,1.0,1.0,1.0,1.0,1.0,3.0,1.0,1.0,1.0,1.0,1.0,0.7769980933333335,0.7769980933333335,3.0,1.0,1.0,512.0
Mask-SC-3,87,/home/lunet/cosn2/side_projects/LARA/mask-lrl-cluster-optimization/log/checklist_runs/ct28-interleaved-MaskSC-3-thesis/MetaCTgraph-ppo-supermask-87-mask-linear_comb-ct14_md/260619-160541,similarity,14,F3-D5,F3,5,3,0.5,100,3,3.0,0.2142857142857143,1.0,1.0,1.0,1.0,1.0,1.0,1.0,3.0,1.0,1.0,1.0,1.0,1.0,0.7809474999999999,0.7809474999999999,3.0,1.0,1.0,512.0
Mask-SC-3,87,/home/lunet/cosn2/side_projects/LARA/mask-lrl-cluster-optimization/log/checklist_runs/ct28-interleaved-MaskSC-3-thesis/MetaCTgraph-ppo-supermask-87-mask-linear_comb-ct14_md/260619-160541,similarity,15,F4-D5,F4,5,3,0.5,100,3,3.0,0.19999999999999996,1.0,1.0,1.0,1.0,1.0,1.0,1.0,3.0,1.0,1.0,1.0,1.0,1.0,0.8170163766666666,0.8170163766666666,3.0,1.0,1.0,512.0
Mask-SC-3,87,/home/lunet/cosn2/side_projects/LARA/mask-lrl-cluster-optimization/log/checklist_runs/ct28-interleaved-MaskSC-3-thesis/MetaCTgraph-ppo-supermask-87-mask-linear_comb-ct14_md/260619-160541,similarity,16,F1-D6,F1,6,3,0.5,100,4,3.0,0.1875,1.0,0.75,1.0,0.99,1.0,0.8080808080808081,1.0,3.0,1.0,0.75,0.99,1.0,1.0,0.8065748933333332,0.8065748933333332,4.0,1.0,1.0,512.0
Mask-SC-3,87,/home/lunet/cosn2/side_projects/LARA/mask-lrl-cluster-optimization/log/checklist_runs/ct28-interleaved-MaskSC-3-thesis/MetaCTgraph-ppo-supermask-87-mask-linear_comb-ct14_md/260619-160541,similarity,17,F2-D6,F2,6,3,0.5,100,4,3.0,0.1764705882352941,1.0,0.75,1.0,1.0,1.0,0.797979797979798,1.0,3.0,1.0,0.75,1.0,1.0,1.0,0.8210523299999999,0.8210523299999999,4.0,1.0,1.0,512.0
Mask-SC-3,87,/home/lunet/cosn2/side_projects/LARA/mask-lrl-cluster-optimization/log/checklist_runs/ct28-interleaved-MaskSC-3-thesis/MetaCTgraph-ppo-supermask-87-mask-linear_comb-ct14_md/260619-160541,similarity,18,F3-D6,F3,6,3,0.5,100,4,3.0,0.1666666666666667,1.0,0.75,1.0,0.96,1.0,0.9646464646464646,1.0,3.0,1.0,0.75,0.96,1.0,1.0,0.8457441299999999,0.8457441299999999,4.0,1.0,1.0,512.0
Mask-SC-3,87,/home/lunet/cosn2/side_projects/LARA/mask-lrl-cluster-optimization/log/checklist_runs/ct28-interleaved-MaskSC-3-thesis/MetaCTgraph-ppo-supermask-87-mask-linear_comb-ct14_md/260619-160541,similarity,19,F4-D6,F4,6,3,0.5,100,4,3.0,0.15789473684210525,1.0,0.75,1.0,1.0,1.0,0.8333333333333334,1.0,3.0,1.0,0.75,1.0,1.0,1.0,0.8488927000000001,0.8488927,4.0,1.0,1.0,512.0
Mask-SC-3,87,/home/lunet/cosn2/side_projects/LARA/mask-lrl-cluster-optimization/log/checklist_runs/ct28-interleaved-MaskSC-3-thesis/MetaCTgraph-ppo-supermask-87-mask-linear_comb-ct14_md/260619-160541,similarity,20,F1-D7,F1,7,3,0.5,100,5,3.0,0.15,1.0,0.6,1.0,0.85,1.0,0.8232323232323232,1.0,3.0,1.0,0.6,0.85,1.0,1.0,0.7949767899999998,0.7949767899999998,5.0,1.0,1.0,512.0
Mask-SC-3,87,/home/lunet/cosn2/side_projects/LARA/mask-lrl-cluster-optimization/log/checklist_runs/ct28-interleaved-MaskSC-3-thesis/MetaCTgraph-ppo-supermask-87-mask-linear_comb-ct14_md/260619-160541,similarity,21,F2-D7,F2,7,3,0.5,100,5,3.0,0.1428571428571428,1.0,0.6,1.0,1.0,1.0,0.98989898989899,1.0,3.0,1.0,0.6,1.0,1.0,1.0,0.8278416833333334,0.8278416833333334,5.0,1.0,1.0,512.0
Mask-SC-3,87,/home/lunet/cosn2/side_projects/LARA/mask-lrl-cluster-optimization/log/checklist_runs/ct28-interleaved-MaskSC-3-thesis/MetaCTgraph-ppo-supermask-87-mask-linear_comb-ct14_md/260619-160541,similarity,22,F3-D7,F3,7,3,0.5,100,5,3.0,0.13636363636363633,1.0,0.6,1.0,0.98,1.0,0.7828282828282829,1.0,3.0,1.0,0.6,0.98,1.0,1.0,0.8090257900000001,0.8090257900000001,5.0,1.0,1.0,512.0
Mask-SC-3,87,/home/lunet/cosn2/side_projects/LARA/mask-lrl-cluster-optimization/log/checklist_runs/ct28-interleaved-MaskSC-3-thesis/MetaCTgraph-ppo-supermask-87-mask-linear_comb-ct14_md/260619-160541,similarity,23,F4-D7,F4,7,3,0.5,100,5,3.0,0.13043478260869562,1.0,0.6,1.0,0.99,1.0,0.9646464646464646,1.0,3.0,1.0,0.6,0.99,1.0,1.0,0.8651147366666666,0.8651147366666666,5.0,1.0,1.0,512.0
Mask-SC-3,87,/home/lunet/cosn2/side_projects/LARA/mask-lrl-cluster-optimization/log/checklist_runs/ct28-interleaved-MaskSC-3-thesis/MetaCTgraph-ppo-supermask-87-mask-linear_comb-ct14_md/260619-160541,similarity,24,F1-D8,F1,8,3,0.5,100,6,3.0,0.125,1.0,0.5,1.0,0.97,1.0,0.693939393939394,1.0,3.0,1.0,0.5,0.97,1.0,1.0,0.8281697266666668,0.8281697266666669,6.0,1.0,1.0,512.0
Mask-SC-3,87,/home/lunet/cosn2/side_projects/LARA/mask-lrl-cluster-optimization/log/checklist_runs/ct28-interleaved-MaskSC-3-thesis/MetaCTgraph-ppo-supermask-87-mask-linear_comb-ct14_md/260619-160541,similarity,25,F2-D8,F2,8,3,0.5,100,6,3.0,0.12,1.0,0.5,1.0,0.99,1.0,0.8939393939393939,1.0,3.0,1.0,0.5,0.99,1.0,1.0,0.8367882899999999,0.8367882899999999,6.0,1.0,1.0,512.0
Mask-SC-3,87,/home/lunet/cosn2/side_projects/LARA/mask-lrl-cluster-optimization/log/checklist_runs/ct28-interleaved-MaskSC-3-thesis/MetaCTgraph-ppo-supermask-87-mask-linear_comb-ct14_md/260619-160541,similarity,26,F3-D8,F3,8,3,0.5,100,6,3.0,0.11538461538461538,1.0,0.5,1.0,0.73,1.0,0.9292929292929293,1.0,3.0,1.0,0.5,0.73,1.0,1.0,0.8507242366666666,0.8507242366666666,6.0,1.0,1.0,512.0
Mask-SC-3,87,/home/lunet/cosn2/side_projects/LARA/mask-lrl-cluster-optimization/log/checklist_runs/ct28-interleaved-MaskSC-3-thesis/MetaCTgraph-ppo-supermask-87-mask-linear_comb-ct14_md/260619-160541,similarity,27,F4-D8,F4,8,3,0.5,100,6,3.0,0.11111111111111112,1.0,0.5,1.0,1.0,1.0,0.9949494949494949,1.0,3.0,1.0,0.5,1.0,1.0,1.0,0.8921396733333333,0.8921396733333333,6.0,1.0,1.0,512.0
Mask-SC-3,88,/home/lunet/cosn2/side_projects/LARA/mask-lrl-cluster-optimization/log/checklist_runs/ct28-interleaved-MaskSC-3-thesis/MetaCTgraph-ppo-supermask-88-mask-linear_comb-ct14_md/260619-160541,similarity,4,F1-D3,F1,3,3,0.5,100,1,1.0,0.25,1.0,1.0,1.0,1.0,1.0,1.0,0.3333333333333334,1.0,1.0,1.0,1.0,0.3333333333333334,1.0,0.76338479,0.76338479,1.0,1.0,1.0,512.0
Mask-SC-3,88,/home/lunet/cosn2/side_projects/LARA/mask-lrl-cluster-optimization/log/checklist_runs/ct28-interleaved-MaskSC-3-thesis/MetaCTgraph-ppo-supermask-88-mask-linear_comb-ct14_md/260619-160541,similarity,5,F2-D3,F2,3,3,0.5,100,1,1.0,0.19999999999999996,1.0,1.0,1.0,1.0,1.0,1.0,0.3333333333333334,1.0,1.0,1.0,1.0,0.3333333333333334,1.0,0.7881455299999999,0.7881455299999999,1.0,1.0,1.0,512.0
Mask-SC-3,88,/home/lunet/cosn2/side_projects/LARA/mask-lrl-cluster-optimization/log/checklist_runs/ct28-interleaved-MaskSC-3-thesis/MetaCTgraph-ppo-supermask-88-mask-linear_comb-ct14_md/260619-160541,similarity,6,F3-D3,F3,3,3,0.5,100,1,1.0,0.1666666666666667,1.0,1.0,1.0,1.0,1.0,1.0,0.3333333333333334,1.0,1.0,1.0,1.0,0.3333333333333334,1.0,0.7927512700000001,0.7927512700000001,1.0,1.0,1.0,512.0
Mask-SC-3,88,/home/lunet/cosn2/side_projects/LARA/mask-lrl-cluster-optimization/log/checklist_runs/ct28-interleaved-MaskSC-3-thesis/MetaCTgraph-ppo-supermask-88-mask-linear_comb-ct14_md/260619-160541,similarity,7,F4-D3,F4,3,3,0.5,100,1,1.0,0.1428571428571428,1.0,1.0,1.0,1.0,1.0,1.0,0.3333333333333334,1.0,1.0,1.0,1.0,0.3333333333333334,1.0,0.8095814299999999,0.8095814299999999,1.0,1.0,1.0,512.0
Mask-SC-3,88,/home/lunet/cosn2/side_projects/LARA/mask-lrl-cluster-optimization/log/checklist_runs/ct28-interleaved-MaskSC-3-thesis/MetaCTgraph-ppo-supermask-88-mask-linear_comb-ct14_md/260619-160541,similarity,8,F1-D4,F1,4,3,0.5,100,2,2.0,0.25,1.0,1.0,1.0,1.0,1.0,1.0,0.6666666666666669,2.0,1.0,1.0,1.0,0.6666666666666669,1.0,0.7827442100000002,0.7827442100000002,2.0,1.0,1.0,512.0
Mask-SC-3,88,/home/lunet/cosn2/side_projects/LARA/mask-lrl-cluster-optimization/log/checklist_runs/ct28-interleaved-MaskSC-3-thesis/MetaCTgraph-ppo-supermask-88-mask-linear_comb-ct14_md/260619-160541,similarity,9,F2-D4,F2,4,3,0.5,100,2,2.0,0.22222222222222224,1.0,1.0,1.0,1.0,1.0,1.0,0.6666666666666669,2.0,1.0,1.0,1.0,0.6666666666666669,1.0,0.778806635,0.778806635,2.0,1.0,1.0,512.0
Mask-SC-3,88,/home/lunet/cosn2/side_projects/LARA/mask-lrl-cluster-optimization/log/checklist_runs/ct28-interleaved-MaskSC-3-thesis/MetaCTgraph-ppo-supermask-88-mask-linear_comb-ct14_md/260619-160541,similarity,10,F3-D4,F3,4,3,0.5,100,2,2.0,0.19999999999999996,1.0,1.0,1.0,1.0,1.0,1.0,0.6666666666666669,2.0,1.0,1.0,1.0,0.6666666666666669,1.0,0.7762410149999996,0.7762410149999996,2.0,1.0,1.0,512.0
Mask-SC-3,88,/home/lunet/cosn2/side_projects/LARA/mask-lrl-cluster-optimization/log/checklist_runs/ct28-interleaved-MaskSC-3-thesis/MetaCTgraph-ppo-supermask-88-mask-linear_comb-ct14_md/260619-160541,similarity,11,F4-D4,F4,4,3,0.5,100,2,2.0,0.1818181818181819,1.0,1.0,1.0,1.0,1.0,1.0,0.6666666666666669,2.0,1.0,1.0,1.0,0.6666666666666669,1.0,0.8116888899999998,0.8116888899999998,2.0,1.0,1.0,512.0
Mask-SC-3,88,/home/lunet/cosn2/side_projects/LARA/mask-lrl-cluster-optimization/log/checklist_runs/ct28-interleaved-MaskSC-3-thesis/MetaCTgraph-ppo-supermask-88-mask-linear_comb-ct14_md/260619-160541,similarity,12,F1-D5,F1,5,3,0.5,100,3,3.0,0.25,1.0,1.0,1.0,1.0,1.0,1.0,1.0,3.0,1.0,1.0,1.0,1.0,1.0,0.7704216299999999,0.7704216299999999,3.0,1.0,1.0,512.0
Mask-SC-3,88,/home/lunet/cosn2/side_projects/LARA/mask-lrl-cluster-optimization/log/checklist_runs/ct28-interleaved-MaskSC-3-thesis/MetaCTgraph-ppo-supermask-88-mask-linear_comb-ct14_md/260619-160541,similarity,13,F2-D5,F2,5,3,0.5,100,3,3.0,0.23076923076923075,1.0,1.0,1.0,1.0,1.0,1.0,1.0,3.0,1.0,1.0,1.0,1.0,1.0,0.7801185766666667,0.7801185766666667,3.0,1.0,1.0,512.0
Mask-SC-3,88,/home/lunet/cosn2/side_projects/LARA/mask-lrl-cluster-optimization/log/checklist_runs/ct28-interleaved-MaskSC-3-thesis/MetaCTgraph-ppo-supermask-88-mask-linear_comb-ct14_md/260619-160541,similarity,14,F3-D5,F3,5,3,0.5,100,3,3.0,0.2142857142857143,1.0,1.0,1.0,1.0,1.0,1.0,1.0,3.0,1.0,1.0,1.0,1.0,1.0,0.8023637833333334,0.8023637833333334,3.0,1.0,1.0,512.0
Mask-SC-3,88,/home/lunet/cosn2/side_projects/LARA/mask-lrl-cluster-optimization/log/checklist_runs/ct28-interleaved-MaskSC-3-thesis/MetaCTgraph-ppo-supermask-88-mask-linear_comb-ct14_md/260619-160541,similarity,15,F4-D5,F4,5,3,0.5,100,3,3.0,0.19999999999999996,1.0,1.0,1.0,1.0,1.0,1.0,1.0,3.0,1.0,1.0,1.0,1.0,1.0,0.8155588233333334,0.8155588233333334,3.0,1.0,1.0,512.0
Mask-SC-3,88,/home/lunet/cosn2/side_projects/LARA/mask-lrl-cluster-optimization/log/checklist_runs/ct28-interleaved-MaskSC-3-thesis/MetaCTgraph-ppo-supermask-88-mask-linear_comb-ct14_md/260619-160541,similarity,16,F1-D6,F1,6,3,0.5,100,4,3.0,0.1875,1.0,0.75,1.0,0.95,1.0,0.8131313131313131,1.0,3.0,1.0,0.75,0.95,1.0,1.0,0.7953348899999999,0.7953348899999999,4.0,1.0,1.0,512.0
Mask-SC-3,88,/home/lunet/cosn2/side_projects/LARA/mask-lrl-cluster-optimization/log/checklist_runs/ct28-interleaved-MaskSC-3-thesis/MetaCTgraph-ppo-supermask-88-mask-linear_comb-ct14_md/260619-160541,similarity,17,F2-D6,F2,6,3,0.5,100,4,3.0,0.1764705882352941,1.0,0.75,1.0,1.0,1.0,0.8131313131313131,1.0,3.0,1.0,0.75,1.0,1.0,1.0,0.8121923233333334,0.8121923233333334,4.0,1.0,1.0,512.0
Mask-SC-3,88,/home/lunet/cosn2/side_projects/LARA/mask-lrl-cluster-optimization/log/checklist_runs/ct28-interleaved-MaskSC-3-thesis/MetaCTgraph-ppo-supermask-88-mask-linear_comb-ct14_md/260619-160541,similarity,18,F3-D6,F3,6,3,0.5,100,4,3.0,0.1666666666666667,1.0,0.75,1.0,1.0,1.0,0.8434343434343434,1.0,3.0,1.0,0.75,1.0,1.0,1.0,0.8466106866666668,0.8466106866666668,4.0,1.0,1.0,512.0
Mask-SC-3,88,/home/lunet/cosn2/side_projects/LARA/mask-lrl-cluster-optimization/log/checklist_runs/ct28-interleaved-MaskSC-3-thesis/MetaCTgraph-ppo-supermask-88-mask-linear_comb-ct14_md/260619-160541,similarity,19,F4-D6,F4,6,3,0.5,100,4,3.0,0.15789473684210525,1.0,0.75,1.0,1.0,1.0,0.9545454545454546,1.0,3.0,1.0,0.75,1.0,1.0,1.0,0.8474738633333332,0.8474738633333332,4.0,1.0,1.0,512.0
Mask-SC-3,88,/home/lunet/cosn2/side_projects/LARA/mask-lrl-cluster-optimization/log/checklist_runs/ct28-interleaved-MaskSC-3-thesis/MetaCTgraph-ppo-supermask-88-mask-linear_comb-ct14_md/260619-160541,similarity,20,F1-D7,F1,7,3,0.5,100,5,3.0,0.15,1.0,0.6,1.0,0.99,1.0,0.7575757575757576,1.0,3.0,1.0,0.6,0.99,1.0,1.0,0.8048232166666668,0.8048232166666668,5.0,1.0,1.0,512.0
Mask-SC-3,88,/home/lunet/cosn2/side_projects/LARA/mask-lrl-cluster-optimization/log/checklist_runs/ct28-interleaved-MaskSC-3-thesis/MetaCTgraph-ppo-supermask-88-mask-linear_comb-ct14_md/260619-160541,similarity,21,F2-D7,F2,7,3,0.5,100,5,3.0,0.1428571428571428,1.0,0.6,1.0,1.0,1.0,0.7323232323232324,1.0,3.0,1.0,0.6,1.0,1.0,1.0,0.8184237566666666,0.8184237566666666,5.0,1.0,1.0,512.0
Mask-SC-3,88,/home/lunet/cosn2/side_projects/LARA/mask-lrl-cluster-optimization/log/checklist_runs/ct28-interleaved-MaskSC-3-thesis/MetaCTgraph-ppo-supermask-88-mask-linear_comb-ct14_md/260619-160541,similarity,22,F3-D7,F3,7,3,0.5,100,5,3.0,0.13636363636363633,1.0,0.6,1.0,0.84,1.0,0.7878787878787878,1.0,3.0,1.0,0.6,0.84,1.0,1.0,0.85513076,0.85513076,5.0,1.0,1.0,512.0
Mask-SC-3,88,/home/lunet/cosn2/side_projects/LARA/mask-lrl-cluster-optimization/log/checklist_runs/ct28-interleaved-MaskSC-3-thesis/MetaCTgraph-ppo-supermask-88-mask-linear_comb-ct14_md/260619-160541,similarity,23,F4-D7,F4,7,3,0.5,100,5,3.0,0.13043478260869562,1.0,0.6,1.0,1.0,1.0,0.9848484848484849,1.0,3.0,1.0,0.6,1.0,1.0,1.0,0.8621234166666666,0.8621234166666666,5.0,1.0,1.0,512.0
Mask-SC-3,88,/home/lunet/cosn2/side_projects/LARA/mask-lrl-cluster-optimization/log/checklist_runs/ct28-interleaved-MaskSC-3-thesis/MetaCTgraph-ppo-supermask-88-mask-linear_comb-ct14_md/260619-160541,similarity,24,F1-D8,F1,8,3,0.5,100,6,3.0,0.125,1.0,0.5,1.0,0.93,1.0,0.702020202020202,1.0,3.0,1.0,0.5,0.93,1.0,1.0,0.8129557899999998,0.8129557899999998,6.0,1.0,1.0,512.0
Mask-SC-3,88,/home/lunet/cosn2/side_projects/LARA/mask-lrl-cluster-optimization/log/checklist_runs/ct28-interleaved-MaskSC-3-thesis/MetaCTgraph-ppo-supermask-88-mask-linear_comb-ct14_md/260619-160541,similarity,25,F2-D8,F2,8,3,0.5,100,6,3.0,0.12,1.0,0.5,1.0,0.99,1.0,0.8737373737373737,1.0,3.0,1.0,0.5,0.99,1.0,1.0,0.8405875966666667,0.8405875966666667,6.0,1.0,1.0,512.0
Mask-SC-3,88,/home/lunet/cosn2/side_projects/LARA/mask-lrl-cluster-optimization/log/checklist_runs/ct28-interleaved-MaskSC-3-thesis/MetaCTgraph-ppo-supermask-88-mask-linear_comb-ct14_md/260619-160541,similarity,26,F3-D8,F3,8,3,0.5,100,6,3.0,0.11538461538461538,1.0,0.5,1.0,0.89,1.0,0.9494949494949495,1.0,3.0,1.0,0.5,0.89,1.0,1.0,0.8652362233333332,0.8652362233333332,6.0,1.0,1.0,512.0
Mask-SC-3,88,/home/lunet/cosn2/side_projects/LARA/mask-lrl-cluster-optimization/log/checklist_runs/ct28-interleaved-MaskSC-3-thesis/MetaCTgraph-ppo-supermask-88-mask-linear_comb-ct14_md/260619-160541,similarity,27,F4-D8,F4,8,3,0.5,100,6,3.0,0.11111111111111112,1.0,0.5,1.0,0.97,1.0,0.9545454545454546,1.0,3.0,1.0,0.5,0.97,1.0,1.0,0.8746888100000001,0.8746888100000001,6.0,1.0,1.0,512.0
Mask-SC-3,89,/home/lunet/cosn2/side_projects/LARA/mask-lrl-cluster-optimization/log/checklist_runs/ct28-interleaved-MaskSC-3-thesis/MetaCTgraph-ppo-supermask-89-mask-linear_comb-ct14_md/260619-160541,similarity,4,F1-D3,F1,3,3,0.5,100,1,1.0,0.25,1.0,1.0,1.0,1.0,1.0,1.0,0.3333333333333334,1.0,1.0,1.0,1.0,0.3333333333333334,1.0,0.7768758099999999,0.7768758099999999,1.0,1.0,1.0,512.0
Mask-SC-3,89,/home/lunet/cosn2/side_projects/LARA/mask-lrl-cluster-optimization/log/checklist_runs/ct28-interleaved-MaskSC-3-thesis/MetaCTgraph-ppo-supermask-89-mask-linear_comb-ct14_md/260619-160541,similarity,5,F2-D3,F2,3,3,0.5,100,1,1.0,0.19999999999999996,1.0,1.0,1.0,1.0,1.0,1.0,0.3333333333333334,1.0,1.0,1.0,1.0,0.3333333333333334,1.0,0.8101874699999999,0.8101874699999999,1.0,1.0,1.0,512.0
Mask-SC-3,89,/home/lunet/cosn2/side_projects/LARA/mask-lrl-cluster-optimization/log/checklist_runs/ct28-interleaved-MaskSC-3-thesis/MetaCTgraph-ppo-supermask-89-mask-linear_comb-ct14_md/260619-160541,similarity,6,F3-D3,F3,3,3,0.5,100,1,1.0,0.1666666666666667,1.0,1.0,1.0,1.0,1.0,1.0,0.3333333333333334,1.0,1.0,1.0,1.0,0.3333333333333334,1.0,0.7736456299999999,0.7736456299999999,1.0,1.0,1.0,512.0
Mask-SC-3,89,/home/lunet/cosn2/side_projects/LARA/mask-lrl-cluster-optimization/log/checklist_runs/ct28-interleaved-MaskSC-3-thesis/MetaCTgraph-ppo-supermask-89-mask-linear_comb-ct14_md/260619-160541,similarity,7,F4-D3,F4,3,3,0.5,100,1,1.0,0.1428571428571428,1.0,1.0,1.0,1.0,1.0,1.0,0.3333333333333334,1.0,1.0,1.0,1.0,0.3333333333333334,1.0,0.8019394899999998,0.8019394899999998,1.0,1.0,1.0,512.0
Mask-SC-3,89,/home/lunet/cosn2/side_projects/LARA/mask-lrl-cluster-optimization/log/checklist_runs/ct28-interleaved-MaskSC-3-thesis/MetaCTgraph-ppo-supermask-89-mask-linear_comb-ct14_md/260619-160541,similarity,8,F1-D4,F1,4,3,0.5,100,2,2.0,0.25,1.0,1.0,1.0,1.0,1.0,1.0,0.6666666666666669,2.0,1.0,1.0,1.0,0.6666666666666669,1.0,0.7709516550000001,0.7709516550000001,2.0,1.0,1.0,512.0
Mask-SC-3,89,/home/lunet/cosn2/side_projects/LARA/mask-lrl-cluster-optimization/log/checklist_runs/ct28-interleaved-MaskSC-3-thesis/MetaCTgraph-ppo-supermask-89-mask-linear_comb-ct14_md/260619-160541,similarity,9,F2-D4,F2,4,3,0.5,100,2,2.0,0.22222222222222224,1.0,1.0,1.0,1.0,1.0,1.0,0.6666666666666669,2.0,1.0,1.0,1.0,0.6666666666666669,1.0,0.807977375,0.807977375,2.0,1.0,1.0,512.0
Mask-SC-3,89,/home/lunet/cosn2/side_projects/LARA/mask-lrl-cluster-optimization/log/checklist_runs/ct28-interleaved-MaskSC-3-thesis/MetaCTgraph-ppo-supermask-89-mask-linear_comb-ct14_md/260619-160541,similarity,10,F3-D4,F3,4,3,0.5,100,2,2.0,0.19999999999999996,1.0,1.0,1.0,1.0,1.0,1.0,0.6666666666666669,2.0,1.0,1.0,1.0,0.6666666666666669,1.0,0.7528433700000001,0.7528433700000001,2.0,1.0,1.0,512.0
Mask-SC-3,89,/home/lunet/cosn2/side_projects/LARA/mask-lrl-cluster-optimization/log/checklist_runs/ct28-interleaved-MaskSC-3-thesis/MetaCTgraph-ppo-supermask-89-mask-linear_comb-ct14_md/260619-160541,similarity,11,F4-D4,F4,4,3,0.5,100,2,2.0,0.1818181818181819,1.0,1.0,1.0,1.0,1.0,1.0,0.6666666666666669,2.0,1.0,1.0,1.0,0.6666666666666669,1.0,0.8168044050000001,0.8168044050000001,2.0,1.0,1.0,512.0
Mask-SC-3,89,/home/lunet/cosn2/side_projects/LARA/mask-lrl-cluster-optimization/log/checklist_runs/ct28-interleaved-MaskSC-3-thesis/MetaCTgraph-ppo-supermask-89-mask-linear_comb-ct14_md/260619-160541,similarity,12,F1-D5,F1,5,3,0.5,100,3,3.0,0.25,1.0,1.0,1.0,1.0,1.0,1.0,1.0,3.0,1.0,1.0,1.0,1.0,1.0,0.7693909133333332,0.7693909133333332,3.0,1.0,1.0,512.0
Mask-SC-3,89,/home/lunet/cosn2/side_projects/LARA/mask-lrl-cluster-optimization/log/checklist_runs/ct28-interleaved-MaskSC-3-thesis/MetaCTgraph-ppo-supermask-89-mask-linear_comb-ct14_md/260619-160541,similarity,13,F2-D5,F2,5,3,0.5,100,3,3.0,0.23076923076923075,1.0,1.0,1.0,1.0,1.0,1.0,1.0,3.0,1.0,1.0,1.0,1.0,1.0,0.80918013,0.80918013,3.0,1.0,1.0,512.0
Mask-SC-3,89,/home/lunet/cosn2/side_projects/LARA/mask-lrl-cluster-optimization/log/checklist_runs/ct28-interleaved-MaskSC-3-thesis/MetaCTgraph-ppo-supermask-89-mask-linear_comb-ct14_md/260619-160541,similarity,14,F3-D5,F3,5,3,0.5,100,3,3.0,0.2142857142857143,1.0,1.0,1.0,1.0,1.0,1.0,1.0,3.0,1.0,1.0,1.0,1.0,1.0,0.7553940833333335,0.7553940833333335,3.0,1.0,1.0,512.0
Mask-SC-3,89,/home/lunet/cosn2/side_projects/LARA/mask-lrl-cluster-optimization/log/checklist_runs/ct28-interleaved-MaskSC-3-thesis/MetaCTgraph-ppo-supermask-89-mask-linear_comb-ct14_md/260619-160541,similarity,15,F4-D5,F4,5,3,0.5,100,3,3.0,0.19999999999999996,1.0,1.0,1.0,1.0,1.0,1.0,1.0,3.0,1.0,1.0,1.0,1.0,1.0,0.8112799799999999,0.8112799799999999,3.0,1.0,1.0,512.0
Mask-SC-3,89,/home/lunet/cosn2/side_projects/LARA/mask-lrl-cluster-optimization/log/checklist_runs/ct28-interleaved-MaskSC-3-thesis/MetaCTgraph-ppo-supermask-89-mask-linear_comb-ct14_md/260619-160541,similarity,16,F1-D6,F1,6,3,0.5,100,4,3.0,0.1875,1.0,0.75,1.0,0.97,1.0,0.7676767676767676,1.0,3.0,1.0,0.75,0.97,1.0,1.0,0.7847782600000001,0.7847782600000001,4.0,1.0,1.0,512.0
Mask-SC-3,89,/home/lunet/cosn2/side_projects/LARA/mask-lrl-cluster-optimization/log/checklist_runs/ct28-interleaved-MaskSC-3-thesis/MetaCTgraph-ppo-supermask-89-mask-linear_comb-ct14_md/260619-160541,similarity,17,F2-D6,F2,6,3,0.5,100,4,3.0,0.1764705882352941,1.0,0.75,1.0,0.97,1.0,0.9040404040404041,1.0,3.0,1.0,0.75,0.97,1.0,1.0,0.8402834533333332,0.8402834533333332,4.0,1.0,1.0,512.0
Mask-SC-3,89,/home/lunet/cosn2/side_projects/LARA/mask-lrl-cluster-optimization/log/checklist_runs/ct28-interleaved-MaskSC-3-thesis/MetaCTgraph-ppo-supermask-89-mask-linear_comb-ct14_md/260619-160541,similarity,18,F3-D6,F3,6,3,0.5,100,4,3.0,0.1666666666666667,1.0,0.75,1.0,0.9,1.0,0.8888888888888888,1.0,3.0,1.0,0.75,0.9,1.0,1.0,0.81392887,0.81392887,4.0,1.0,1.0,512.0
Mask-SC-3,89,/home/lunet/cosn2/side_projects/LARA/mask-lrl-cluster-optimization/log/checklist_runs/ct28-interleaved-MaskSC-3-thesis/MetaCTgraph-ppo-supermask-89-mask-linear_comb-ct14_md/260619-160541,similarity,19,F4-D6,F4,6,3,0.5,100,4,3.0,0.15789473684210525,1.0,0.75,1.0,1.0,1.0,0.9949494949494949,1.0,3.0,1.0,0.75,1.0,1.0,1.0,0.8523067400000001,0.8523067400000001,4.0,1.0,1.0,512.0
Mask-SC-3,89,/home/lunet/cosn2/side_projects/LARA/mask-lrl-cluster-optimization/log/checklist_runs/ct28-interleaved-MaskSC-3-thesis/MetaCTgraph-ppo-supermask-89-mask-linear_comb-ct14_md/260619-160541,similarity,20,F1-D7,F1,7,3,0.5,100,5,3.0,0.15,1.0,0.6,1.0,0.67,1.0,0.6161616161616161,1.0,3.0,1.0,0.6,0.67,1.0,1.0,0.77430897,0.77430897,5.0,1.0,1.0,512.0
Mask-SC-3,89,/home/lunet/cosn2/side_projects/LARA/mask-lrl-cluster-optimization/log/checklist_runs/ct28-interleaved-MaskSC-3-thesis/MetaCTgraph-ppo-supermask-89-mask-linear_comb-ct14_md/260619-160541,similarity,21,F2-D7,F2,7,3,0.5,100,5,3.0,0.1428571428571428,1.0,0.6,1.0,0.98,1.0,0.8484848484848485,1.0,3.0,1.0,0.6,0.98,1.0,1.0,0.8270244666666668,0.8270244666666668,5.0,1.0,1.0,512.0
Mask-SC-3,89,/home/lunet/cosn2/side_projects/LARA/mask-lrl-cluster-optimization/log/checklist_runs/ct28-interleaved-MaskSC-3-thesis/MetaCTgraph-ppo-supermask-89-mask-linear_comb-ct14_md/260619-160541,similarity,22,F3-D7,F3,7,3,0.5,100,5,3.0,0.13636363636363633,1.0,0.6,1.0,1.0,1.0,0.9343434343434344,1.0,3.0,1.0,0.6,1.0,1.0,1.0,0.8346716833333333,0.8346716833333333,5.0,1.0,1.0,512.0
Mask-SC-3,89,/home/lunet/cosn2/side_projects/LARA/mask-lrl-cluster-optimization/log/checklist_runs/ct28-interleaved-MaskSC-3-thesis/MetaCTgraph-ppo-supermask-89-mask-linear_comb-ct14_md/260619-160541,similarity,23,F4-D7,F4,7,3,0.5,100,5,3.0,0.13043478260869562,1.0,0.6,1.0,1.0,1.0,0.8838383838383839,1.0,3.0,1.0,0.6,1.0,1.0,1.0,0.8695531933333334,0.8695531933333334,5.0,1.0,1.0,512.0
Mask-SC-3,89,/home/lunet/cosn2/side_projects/LARA/mask-lrl-cluster-optimization/log/checklist_runs/ct28-interleaved-MaskSC-3-thesis/MetaCTgraph-ppo-supermask-89-mask-linear_comb-ct14_md/260619-160541,similarity,24,F1-D8,F1,8,3,0.5,100,6,3.0,0.125,1.0,0.5,1.0,0.99,1.0,0.6868686868686869,1.0,3.0,1.0,0.5,0.99,1.0,1.0,0.8056869033333334,0.8056869033333334,6.0,1.0,1.0,512.0
Mask-SC-3,89,/home/lunet/cosn2/side_projects/LARA/mask-lrl-cluster-optimization/log/checklist_runs/ct28-interleaved-MaskSC-3-thesis/MetaCTgraph-ppo-supermask-89-mask-linear_comb-ct14_md/260619-160541,similarity,25,F2-D8,F2,8,3,0.5,100,6,3.0,0.12,1.0,0.5,1.0,0.97,1.0,0.7757575757575758,1.0,3.0,1.0,0.5,0.97,1.0,1.0,0.8382495733333335,0.8382495733333333,6.0,1.0,1.0,512.0
Mask-SC-3,89,/home/lunet/cosn2/side_projects/LARA/mask-lrl-cluster-optimization/log/checklist_runs/ct28-interleaved-MaskSC-3-thesis/MetaCTgraph-ppo-supermask-89-mask-linear_comb-ct14_md/260619-160541,similarity,26,F3-D8,F3,8,3,0.5,100,6,3.0,0.11538461538461538,1.0,0.5,1.0,0.78,1.0,0.8080808080808081,1.0,3.0,1.0,0.5,0.78,1.0,1.0,0.8680080066666664,0.8680080066666664,6.0,1.0,1.0,512.0
Mask-SC-3,89,/home/lunet/cosn2/side_projects/LARA/mask-lrl-cluster-optimization/log/checklist_runs/ct28-interleaved-MaskSC-3-thesis/MetaCTgraph-ppo-supermask-89-mask-linear_comb-ct14_md/260619-160541,similarity,27,F4-D8,F4,8,3,0.5,100,6,3.0,0.11111111111111112,1.0,0.5,1.0,0.99,1.0,0.9141414141414141,1.0,3.0,1.0,0.5,0.99,1.0,1.0,0.88479226,0.8847922599999998,6.0,1.0,1.0,512.0
Mask-SC-3,90,/home/lunet/cosn2/side_projects/LARA/mask-lrl-cluster-optimization/log/checklist_runs/ct28-interleaved-MaskSC-3-thesis/MetaCTgraph-ppo-supermask-90-mask-linear_comb-ct14_md/260619-160541,similarity,4,F1-D3,F1,3,3,0.5,100,1,1.0,0.25,1.0,1.0,1.0,1.0,1.0,1.0,0.3333333333333334,1.0,1.0,1.0,1.0,0.3333333333333334,1.0,0.77786836,0.77786836,1.0,1.0,1.0,512.0
Mask-SC-3,90,/home/lunet/cosn2/side_projects/LARA/mask-lrl-cluster-optimization/log/checklist_runs/ct28-interleaved-MaskSC-3-thesis/MetaCTgraph-ppo-supermask-90-mask-linear_comb-ct14_md/260619-160541,similarity,5,F2-D3,F2,3,3,0.5,100,1,1.0,0.19999999999999996,1.0,1.0,1.0,1.0,1.0,1.0,0.3333333333333334,1.0,1.0,1.0,1.0,0.3333333333333334,1.0,0.7926917200000001,0.7926917200000001,1.0,1.0,1.0,512.0
Mask-SC-3,90,/home/lunet/cosn2/side_projects/LARA/mask-lrl-cluster-optimization/log/checklist_runs/ct28-interleaved-MaskSC-3-thesis/MetaCTgraph-ppo-supermask-90-mask-linear_comb-ct14_md/260619-160541,similarity,6,F3-D3,F3,3,3,0.5,100,1,1.0,0.1666666666666667,1.0,1.0,1.0,1.0,1.0,1.0,0.3333333333333334,1.0,1.0,1.0,1.0,0.3333333333333334,1.0,0.80853,0.80853,1.0,1.0,1.0,512.0
Mask-SC-3,90,/home/lunet/cosn2/side_projects/LARA/mask-lrl-cluster-optimization/log/checklist_runs/ct28-interleaved-MaskSC-3-thesis/MetaCTgraph-ppo-supermask-90-mask-linear_comb-ct14_md/260619-160541,similarity,7,F4-D3,F4,3,3,0.5,100,1,1.0,0.1428571428571428,1.0,1.0,1.0,1.0,1.0,1.0,0.3333333333333334,1.0,1.0,1.0,1.0,0.3333333333333334,1.0,0.81470513,0.81470513,1.0,1.0,1.0,512.0
Mask-SC-3,90,/home/lunet/cosn2/side_projects/LARA/mask-lrl-cluster-optimization/log/checklist_runs/ct28-interleaved-MaskSC-3-thesis/MetaCTgraph-ppo-supermask-90-mask-linear_comb-ct14_md/260619-160541,similarity,8,F1-D4,F1,4,3,0.5,100,2,2.0,0.25,1.0,1.0,1.0,1.0,1.0,1.0,0.6666666666666669,2.0,1.0,1.0,1.0,0.6666666666666669,1.0,0.7838364550000001,0.7838364550000001,2.0,1.0,1.0,512.0
Mask-SC-3,90,/home/lunet/cosn2/side_projects/LARA/mask-lrl-cluster-optimization/log/checklist_runs/ct28-interleaved-MaskSC-3-thesis/MetaCTgraph-ppo-supermask-90-mask-linear_comb-ct14_md/260619-160541,similarity,9,F2-D4,F2,4,3,0.5,100,2,2.0,0.22222222222222224,1.0,1.0,1.0,1.0,1.0,1.0,0.6666666666666669,2.0,1.0,1.0,1.0,0.6666666666666669,1.0,0.7854137650000002,0.7854137650000002,2.0,1.0,1.0,512.0
Mask-SC-3,90,/home/lunet/cosn2/side_projects/LARA/mask-lrl-cluster-optimization/log/checklist_runs/ct28-interleaved-MaskSC-3-thesis/MetaCTgraph-ppo-supermask-90-mask-linear_comb-ct14_md/260619-160541,similarity,10,F3-D4,F3,4,3,0.5,100,2,2.0,0.19999999999999996,1.0,1.0,1.0,1.0,1.0,1.0,0.6666666666666669,2.0,1.0,1.0,1.0,0.6666666666666669,1.0,0.78991952,0.78991952,2.0,1.0,1.0,512.0
Mask-SC-3,90,/home/lunet/cosn2/side_projects/LARA/mask-lrl-cluster-optimization/log/checklist_runs/ct28-interleaved-MaskSC-3-thesis/MetaCTgraph-ppo-supermask-90-mask-linear_comb-ct14_md/260619-160541,similarity,11,F4-D4,F4,4,3,0.5,100,2,2.0,0.1818181818181819,1.0,1.0,1.0,1.0,1.0,1.0,0.6666666666666669,2.0,1.0,1.0,1.0,0.6666666666666669,1.0,0.8168294500000001,0.8168294500000001,2.0,1.0,1.0,512.0
Mask-SC-3,90,/home/lunet/cosn2/side_projects/LARA/mask-lrl-cluster-optimization/log/checklist_runs/ct28-interleaved-MaskSC-3-thesis/MetaCTgraph-ppo-supermask-90-mask-linear_comb-ct14_md/260619-160541,similarity,12,F1-D5,F1,5,3,0.5,100,3,3.0,0.25,1.0,1.0,1.0,1.0,1.0,1.0,1.0,3.0,1.0,1.0,1.0,1.0,1.0,0.7731742699999999,0.7731742699999999,3.0,1.0,1.0,512.0
Mask-SC-3,90,/home/lunet/cosn2/side_projects/LARA/mask-lrl-cluster-optimization/log/checklist_runs/ct28-interleaved-MaskSC-3-thesis/MetaCTgraph-ppo-supermask-90-mask-linear_comb-ct14_md/260619-160541,similarity,13,F2-D5,F2,5,3,0.5,100,3,3.0,0.23076923076923075,1.0,1.0,1.0,1.0,1.0,1.0,1.0,3.0,1.0,1.0,1.0,1.0,1.0,0.7922177333333335,0.7922177333333331,3.02,1.0,1.0,512.0
Mask-SC-3,90,/home/lunet/cosn2/side_projects/LARA/mask-lrl-cluster-optimization/log/checklist_runs/ct28-interleaved-MaskSC-3-thesis/MetaCTgraph-ppo-supermask-90-mask-linear_comb-ct14_md/260619-160541,similarity,14,F3-D5,F3,5,3,0.5,100,3,3.0,0.2142857142857143,1.0,1.0,1.0,1.0,1.0,1.0,1.0,3.0,1.0,1.0,1.0,1.0,1.0,0.78128684,0.78128684,3.0,1.0,1.0,512.0
Mask-SC-3,90,/home/lunet/cosn2/side_projects/LARA/mask-lrl-cluster-optimization/log/checklist_runs/ct28-interleaved-MaskSC-3-thesis/MetaCTgraph-ppo-supermask-90-mask-linear_comb-ct14_md/260619-160541,similarity,15,F4-D5,F4,5,3,0.5,100,3,3.0,0.19999999999999996,1.0,1.0,1.0,1.0,1.0,1.0,1.0,3.0,1.0,1.0,1.0,1.0,1.0,0.8083140800000002,0.8083140800000002,3.0,1.0,1.0,512.0
Mask-SC-3,90,/home/lunet/cosn2/side_projects/LARA/mask-lrl-cluster-optimization/log/checklist_runs/ct28-interleaved-MaskSC-3-thesis/MetaCTgraph-ppo-supermask-90-mask-linear_comb-ct14_md/260619-160541,similarity,16,F1-D6,F1,6,3,0.5,100,4,3.0,0.1875,1.0,0.75,1.0,1.0,1.0,0.7424242424242424,1.0,3.0,1.0,0.75,1.0,1.0,1.0,0.7887296,0.7887296,4.0,1.0,1.0,512.0
Mask-SC-3,90,/home/lunet/cosn2/side_projects/LARA/mask-lrl-cluster-optimization/log/checklist_runs/ct28-interleaved-MaskSC-3-thesis/MetaCTgraph-ppo-supermask-90-mask-linear_comb-ct14_md/260619-160541,similarity,17,F2-D6,F2,6,3,0.5,100,4,3.0,0.1764705882352941,1.0,0.75,1.0,1.0,1.0,0.8686868686868687,1.0,3.0,1.0,0.75,1.0,1.0,1.0,0.83770886,0.83770886,4.0,1.0,1.0,512.0
Mask-SC-3,90,/home/lunet/cosn2/side_projects/LARA/mask-lrl-cluster-optimization/log/checklist_runs/ct28-interleaved-MaskSC-3-thesis/MetaCTgraph-ppo-supermask-90-mask-linear_comb-ct14_md/260619-160541,similarity,18,F3-D6,F3,6,3,0.5,100,4,3.0,0.1666666666666667,1.0,0.75,1.0,0.87,1.0,0.8282828282828283,1.0,3.0,1.0,0.75,0.87,1.0,1.0,0.8331196633333333,0.8331196633333333,4.0,1.0,1.0,512.0
Mask-SC-3,90,/home/lunet/cosn2/side_projects/LARA/mask-lrl-cluster-optimization/log/checklist_runs/ct28-interleaved-MaskSC-3-thesis/MetaCTgraph-ppo-supermask-90-mask-linear_comb-ct14_md/260619-160541,similarity,19,F4-D6,F4,6,3,0.5,100,4,3.0,0.15789473684210525,1.0,0.75,1.0,1.0,1.0,0.9949494949494949,1.0,3.0,1.0,0.75,1.0,1.0,1.0,0.84686005,0.84686005,4.0,1.0,1.0,512.0
Mask-SC-3,90,/home/lunet/cosn2/side_projects/LARA/mask-lrl-cluster-optimization/log/checklist_runs/ct28-interleaved-MaskSC-3-thesis/MetaCTgraph-ppo-supermask-90-mask-linear_comb-ct14_md/260619-160541,similarity,20,F1-D7,F1,7,3,0.5,100,5,3.0,0.15,1.0,0.6,1.0,0.98,1.0,0.6919191919191919,1.0,3.0,1.0,0.6,0.98,1.0,1.0,0.7986611266666667,0.7986611266666667,5.0,1.0,1.0,512.0
Mask-SC-3,90,/home/lunet/cosn2/side_projects/LARA/mask-lrl-cluster-optimization/log/checklist_runs/ct28-interleaved-MaskSC-3-thesis/MetaCTgraph-ppo-supermask-90-mask-linear_comb-ct14_md/260619-160541,similarity,21,F2-D7,F2,7,3,0.5,100,5,3.0,0.1428571428571428,1.0,0.6,1.0,1.0,1.0,0.9040404040404041,1.0,3.0,1.0,0.6,1.0,1.0,1.0,0.8268708433333333,0.8268708433333333,5.0,1.0,1.0,512.0
Mask-SC-3,90,/home/lunet/cosn2/side_projects/LARA/mask-lrl-cluster-optimization/log/checklist_runs/ct28-interleaved-MaskSC-3-thesis/MetaCTgraph-ppo-supermask-90-mask-linear_comb-ct14_md/260619-160541,similarity,22,F3-D7,F3,7,3,0.5,100,5,3.0,0.13636363636363633,1.0,0.6,1.0,0.14,1.0,0.892929292929293,1.0,3.0,1.0,0.6,0.14,1.0,1.0,0.8592900366666667,0.8592900366666667,5.0,1.0,1.0,512.0
Mask-SC-3,90,/home/lunet/cosn2/side_projects/LARA/mask-lrl-cluster-optimization/log/checklist_runs/ct28-interleaved-MaskSC-3-thesis/MetaCTgraph-ppo-supermask-90-mask-linear_comb-ct14_md/260619-160541,similarity,23,F4-D7,F4,7,3,0.5,100,5,3.0,0.13043478260869562,1.0,0.6,1.0,0.99,1.0,0.9141414141414141,1.0,3.0,1.0,0.6,0.99,1.0,1.0,0.8596161000000002,0.8596161000000002,5.0,1.0,1.0,512.0
Mask-SC-3,90,/home/lunet/cosn2/side_projects/LARA/mask-lrl-cluster-optimization/log/checklist_runs/ct28-interleaved-MaskSC-3-thesis/MetaCTgraph-ppo-supermask-90-mask-linear_comb-ct14_md/260619-160541,similarity,24,F1-D8,F1,8,3,0.5,100,6,3.0,0.125,1.0,0.5,1.0,0.93,1.0,0.8333333333333334,1.0,3.0,1.0,0.5,0.93,1.0,1.0,0.82339553,0.8233955299999998,6.0,1.0,1.0,512.0
Mask-SC-3,90,/home/lunet/cosn2/side_projects/LARA/mask-lrl-cluster-optimization/log/checklist_runs/ct28-interleaved-MaskSC-3-thesis/MetaCTgraph-ppo-supermask-90-mask-linear_comb-ct14_md/260619-160541,similarity,25,F2-D8,F2,8,3,0.5,100,6,3.0,0.12,1.0,0.5,1.0,0.94,1.0,0.7575757575757576,1.0,3.0,1.0,0.5,0.94,1.0,1.0,0.8325720066666666,0.8325720066666666,6.0,1.0,1.0,512.0
Mask-SC-3,90,/home/lunet/cosn2/side_projects/LARA/mask-lrl-cluster-optimization/log/checklist_runs/ct28-interleaved-MaskSC-3-thesis/MetaCTgraph-ppo-supermask-90-mask-linear_comb-ct14_md/260619-160541,similarity,26,F3-D8,F3,8,3,0.5,100,6,3.0,0.11538461538461538,1.0,0.5,1.0,1.0,1.0,0.8777777777777779,1.0,3.0,1.0,0.5,1.0,1.0,1.0,0.8414031799999998,0.8414031799999999,6.0,1.0,1.0,512.0
Mask-SC-3,90,/home/lunet/cosn2/side_projects/LARA/mask-lrl-cluster-optimization/log/checklist_runs/ct28-interleaved-MaskSC-3-thesis/MetaCTgraph-ppo-supermask-90-mask-linear_comb-ct14_md/260619-160541,similarity,27,F4-D8,F4,8,3,0.5,100,6,3.0,0.11111111111111112,1.0,0.5,1.0,0.99,1.0,0.9646464646464646,1.0,3.0,1.0,0.5,0.99,1.0,1.0,0.8723929433333333,0.8723929433333333,6.0,1.0,1.0,512.0
Mask-SC-3,91,/home/lunet/cosn2/side_projects/LARA/mask-lrl-cluster-optimization/log/checklist_runs/ct28-interleaved-MaskSC-3-thesis/MetaCTgraph-ppo-supermask-91-mask-linear_comb-ct14_md/260619-160541,similarity,4,F1-D3,F1,3,3,0.5,100,1,1.0,0.25,1.0,1.0,1.0,1.0,1.0,1.0,0.3333333333333334,1.0,1.0,1.0,1.0,0.3333333333333334,1.0,0.77333713,0.77333713,1.0,1.0,1.0,512.0
Mask-SC-3,91,/home/lunet/cosn2/side_projects/LARA/mask-lrl-cluster-optimization/log/checklist_runs/ct28-interleaved-MaskSC-3-thesis/MetaCTgraph-ppo-supermask-91-mask-linear_comb-ct14_md/260619-160541,similarity,5,F2-D3,F2,3,3,0.5,100,1,1.0,0.19999999999999996,1.0,1.0,1.0,1.0,1.0,1.0,0.3333333333333334,1.0,1.0,1.0,1.0,0.3333333333333334,1.0,0.7837424799999999,0.7837424799999999,1.0,1.0,1.0,512.0
Mask-SC-3,91,/home/lunet/cosn2/side_projects/LARA/mask-lrl-cluster-optimization/log/checklist_runs/ct28-interleaved-MaskSC-3-thesis/MetaCTgraph-ppo-supermask-91-mask-linear_comb-ct14_md/260619-160541,similarity,6,F3-D3,F3,3,3,0.5,100,1,1.0,0.1666666666666667,1.0,1.0,1.0,1.0,1.0,1.0,0.3333333333333334,1.0,1.0,1.0,1.0,0.3333333333333334,1.0,0.7829354500000001,0.7829354500000001,1.0,1.0,1.0,512.0
Mask-SC-3,91,/home/lunet/cosn2/side_projects/LARA/mask-lrl-cluster-optimization/log/checklist_runs/ct28-interleaved-MaskSC-3-thesis/MetaCTgraph-ppo-supermask-91-mask-linear_comb-ct14_md/260619-160541,similarity,7,F4-D3,F4,3,3,0.5,100,1,1.0,0.1428571428571428,1.0,1.0,1.0,1.0,1.0,1.0,0.3333333333333334,1.0,1.0,1.0,1.0,0.3333333333333334,1.0,0.8302407400000001,0.8302407400000001,1.0,1.0,1.0,512.0
Mask-SC-3,91,/home/lunet/cosn2/side_projects/LARA/mask-lrl-cluster-optimization/log/checklist_runs/ct28-interleaved-MaskSC-3-thesis/MetaCTgraph-ppo-supermask-91-mask-linear_comb-ct14_md/260619-160541,similarity,8,F1-D4,F1,4,3,0.5,100,2,2.0,0.25,1.0,1.0,1.0,1.0,1.0,1.0,0.6666666666666669,2.0,1.0,1.0,1.0,0.6666666666666669,1.0,0.7712164599999999,0.7712164599999999,2.0,1.0,1.0,512.0
Mask-SC-3,91,/home/lunet/cosn2/side_projects/LARA/mask-lrl-cluster-optimization/log/checklist_runs/ct28-interleaved-MaskSC-3-thesis/MetaCTgraph-ppo-supermask-91-mask-linear_comb-ct14_md/260619-160541,similarity,9,F2-D4,F2,4,3,0.5,100,2,2.0,0.22222222222222224,1.0,1.0,1.0,1.0,1.0,1.0,0.6666666666666669,2.0,1.0,1.0,1.0,0.6666666666666669,1.0,0.7837906899999999,0.7837906899999999,2.0,1.0,1.0,512.0
Mask-SC-3,91,/home/lunet/cosn2/side_projects/LARA/mask-lrl-cluster-optimization/log/checklist_runs/ct28-interleaved-MaskSC-3-thesis/MetaCTgraph-ppo-supermask-91-mask-linear_comb-ct14_md/260619-160541,similarity,10,F3-D4,F3,4,3,0.5,100,2,2.0,0.19999999999999996,1.0,1.0,1.0,1.0,1.0,1.0,0.6666666666666669,2.0,1.0,1.0,1.0,0.6666666666666669,1.0,0.770566305,0.770566305,2.0,1.0,1.0,512.0
Mask-SC-3,91,/home/lunet/cosn2/side_projects/LARA/mask-lrl-cluster-optimization/log/checklist_runs/ct28-interleaved-MaskSC-3-thesis/MetaCTgraph-ppo-supermask-91-mask-linear_comb-ct14_md/260619-160541,similarity,11,F4-D4,F4,4,3,0.5,100,2,2.0,0.1818181818181819,1.0,1.0,1.0,1.0,1.0,1.0,0.6666666666666669,2.0,1.0,1.0,1.0,0.6666666666666669,1.0,0.827396575,0.827396575,2.0,1.0,1.0,512.0
Mask-SC-3,91,/home/lunet/cosn2/side_projects/LARA/mask-lrl-cluster-optimization/log/checklist_runs/ct28-interleaved-MaskSC-3-thesis/MetaCTgraph-ppo-supermask-91-mask-linear_comb-ct14_md/260619-160541,similarity,12,F1-D5,F1,5,3,0.5,100,3,3.0,0.25,1.0,1.0,1.0,1.0,1.0,1.0,1.0,3.0,1.0,1.0,1.0,1.0,1.0,0.7722776933333333,0.7722776933333333,3.0,1.0,1.0,512.0
Mask-SC-3,91,/home/lunet/cosn2/side_projects/LARA/mask-lrl-cluster-optimization/log/checklist_runs/ct28-interleaved-MaskSC-3-thesis/MetaCTgraph-ppo-supermask-91-mask-linear_comb-ct14_md/260619-160541,similarity,13,F2-D5,F2,5,3,0.5,100,3,3.0,0.23076923076923075,1.0,1.0,1.0,1.0,1.0,1.0,1.0,3.0,1.0,1.0,1.0,1.0,1.0,0.8001466533333336,0.8001466533333335,3.0,1.0,1.0,512.0
Mask-SC-3,91,/home/lunet/cosn2/side_projects/LARA/mask-lrl-cluster-optimization/log/checklist_runs/ct28-interleaved-MaskSC-3-thesis/MetaCTgraph-ppo-supermask-91-mask-linear_comb-ct14_md/260619-160541,similarity,14,F3-D5,F3,5,3,0.5,100,3,3.0,0.2142857142857143,1.0,1.0,1.0,1.0,1.0,1.0,1.0,3.0,1.0,1.0,1.0,1.0,1.0,0.7606429233333333,0.7606429233333333,3.0,1.0,1.0,512.0
Mask-SC-3,91,/home/lunet/cosn2/side_projects/LARA/mask-lrl-cluster-optimization/log/checklist_runs/ct28-interleaved-MaskSC-3-thesis/MetaCTgraph-ppo-supermask-91-mask-linear_comb-ct14_md/260619-160541,similarity,15,F4-D5,F4,5,3,0.5,100,3,3.0,0.19999999999999996,1.0,1.0,1.0,1.0,1.0,1.0,1.0,3.0,1.0,1.0,1.0,1.0,1.0,0.8279076666666667,0.8279076666666667,3.0,1.0,1.0,512.0
Mask-SC-3,91,/home/lunet/cosn2/side_projects/LARA/mask-lrl-cluster-optimization/log/checklist_runs/ct28-interleaved-MaskSC-3-thesis/MetaCTgraph-ppo-supermask-91-mask-linear_comb-ct14_md/260619-160541,similarity,16,F1-D6,F1,6,3,0.5,100,4,3.0,0.1875,1.0,0.75,1.0,0.96,1.0,0.7626262626262627,1.0,3.0,1.0,0.75,0.96,1.0,1.0,0.8026703333333335,0.8026703333333335,4.0,1.0,1.0,512.0
Mask-SC-3,91,/home/lunet/cosn2/side_projects/LARA/mask-lrl-cluster-optimization/log/checklist_runs/ct28-interleaved-MaskSC-3-thesis/MetaCTgraph-ppo-supermask-91-mask-linear_comb-ct14_md/260619-160541,similarity,17,F2-D6,F2,6,3,0.5,100,4,3.0,0.1764705882352941,1.0,0.75,1.0,1.0,1.0,0.9848484848484849,1.0,3.0,1.0,0.75,1.0,1.0,1.0,0.8418334633333334,0.8418334633333334,4.0,1.0,1.0,512.0
Mask-SC-3,91,/home/lunet/cosn2/side_projects/LARA/mask-lrl-cluster-optimization/log/checklist_runs/ct28-interleaved-MaskSC-3-thesis/MetaCTgraph-ppo-supermask-91-mask-linear_comb-ct14_md/260619-160541,similarity,18,F3-D6,F3,6,3,0.5,100,4,3.0,0.1666666666666667,1.0,0.75,1.0,1.0,1.0,0.9545454545454546,1.0,3.0,1.0,0.75,1.0,1.0,1.0,0.8016668999999998,0.8016669000000001,4.0,1.0,1.0,512.0
Mask-SC-3,91,/home/lunet/cosn2/side_projects/LARA/mask-lrl-cluster-optimization/log/checklist_runs/ct28-interleaved-MaskSC-3-thesis/MetaCTgraph-ppo-supermask-91-mask-linear_comb-ct14_md/260619-160541,similarity,19,F4-D6,F4,6,3,0.5,100,4,3.0,0.15789473684210525,1.0,0.75,1.0,1.0,1.0,0.9949494949494949,1.0,3.0,1.0,0.75,1.0,1.0,1.0,0.8580630966666667,0.8580630966666667,4.0,1.0,1.0,512.0
Mask-SC-3,91,/home/lunet/cosn2/side_projects/LARA/mask-lrl-cluster-optimization/log/checklist_runs/ct28-interleaved-MaskSC-3-thesis/MetaCTgraph-ppo-supermask-91-mask-linear_comb-ct14_md/260619-160541,similarity,20,F1-D7,F1,7,3,0.5,100,5,3.0,0.15,1.0,0.6,1.0,0.99,1.0,0.9040404040404041,1.0,3.0,1.0,0.6,0.99,1.0,1.0,0.80222388,0.80222388,5.0,1.0,1.0,512.0
Mask-SC-3,91,/home/lunet/cosn2/side_projects/LARA/mask-lrl-cluster-optimization/log/checklist_runs/ct28-interleaved-MaskSC-3-thesis/MetaCTgraph-ppo-supermask-91-mask-linear_comb-ct14_md/260619-160541,similarity,21,F2-D7,F2,7,3,0.5,100,5,3.0,0.1428571428571428,1.0,0.6,1.0,0.94,1.0,0.9545454545454546,1.0,3.0,1.0,0.6,0.94,1.0,1.0,0.83133545,0.83133545,5.0,1.0,1.0,512.0
Mask-SC-3,91,/home/lunet/cosn2/side_projects/LARA/mask-lrl-cluster-optimization/log/checklist_runs/ct28-interleaved-MaskSC-3-thesis/MetaCTgraph-ppo-supermask-91-mask-linear_comb-ct14_md/260619-160541,similarity,22,F3-D7,F3,7,3,0.5,100,5,3.0,0.13636363636363633,1.0,0.6,1.0,1.0,1.0,0.9545454545454546,1.0,3.0,1.0,0.6,1.0,1.0,1.0,0.8168421733333335,0.8168421733333335,5.0,1.0,1.0,512.0
Mask-SC-3,91,/home/lunet/cosn2/side_projects/LARA/mask-lrl-cluster-optimization/log/checklist_runs/ct28-interleaved-MaskSC-3-thesis/MetaCTgraph-ppo-supermask-91-mask-linear_comb-ct14_md/260619-160541,similarity,23,F4-D7,F4,7,3,0.5,100,5,3.0,0.13043478260869562,1.0,0.6,1.0,1.0,1.0,0.8838383838383839,1.0,3.0,1.0,0.6,1.0,1.0,1.0,0.8612120366666665,0.8612120366666665,5.0,1.0,1.0,512.0
Mask-SC-3,91,/home/lunet/cosn2/side_projects/LARA/mask-lrl-cluster-optimization/log/checklist_runs/ct28-interleaved-MaskSC-3-thesis/MetaCTgraph-ppo-supermask-91-mask-linear_comb-ct14_md/260619-160541,similarity,24,F1-D8,F1,8,3,0.5,100,6,3.0,0.125,1.0,0.5,1.0,0.98,1.0,0.7494949494949495,1.0,3.0,1.0,0.5,0.98,1.0,1.0,0.8211587666666667,0.8211587666666667,6.0,1.0,1.0,512.0
Mask-SC-3,91,/home/lunet/cosn2/side_projects/LARA/mask-lrl-cluster-optimization/log/checklist_runs/ct28-interleaved-MaskSC-3-thesis/MetaCTgraph-ppo-supermask-91-mask-linear_comb-ct14_md/260619-160541,similarity,25,F2-D8,F2,8,3,0.5,100,6,3.0,0.12,1.0,0.5,1.0,0.88,1.0,0.7242424242424242,1.0,3.0,1.0,0.5,0.88,1.0,1.0,0.8424394066666666,0.8424394066666666,6.0,1.0,1.0,512.0
Mask-SC-3,91,/home/lunet/cosn2/side_projects/LARA/mask-lrl-cluster-optimization/log/checklist_runs/ct28-interleaved-MaskSC-3-thesis/MetaCTgraph-ppo-supermask-91-mask-linear_comb-ct14_md/260619-160541,similarity,26,F3-D8,F3,8,3,0.5,100,6,3.0,0.11538461538461538,1.0,0.5,1.0,0.99,1.0,0.9242424242424242,1.0,3.0,1.0,0.5,0.99,1.0,1.0,0.8356050966666666,0.8356050966666666,6.0,1.0,1.0,512.0
Mask-SC-3,91,/home/lunet/cosn2/side_projects/LARA/mask-lrl-cluster-optimization/log/checklist_runs/ct28-interleaved-MaskSC-3-thesis/MetaCTgraph-ppo-supermask-91-mask-linear_comb-ct14_md/260619-160541,similarity,27,F4-D8,F4,8,3,0.5,100,6,3.0,0.11111111111111112,1.0,0.5,1.0,0.92,1.0,0.803030303030303,1.0,3.0,1.0,0.5,0.92,1.0,1.0,0.87776305,0.8777630500000001,6.0,1.0,1.0,512.0
Mask-SC-3,92,/home/lunet/cosn2/side_projects/LARA/mask-lrl-cluster-optimization/log/checklist_runs/ct28-interleaved-MaskSC-3-thesis/MetaCTgraph-ppo-supermask-92-mask-linear_comb-ct14_md/260619-160541,similarity,4,F1-D3,F1,3,3,0.5,100,1,1.0,0.25,1.0,1.0,1.0,1.0,1.0,1.0,0.3333333333333334,1.0,1.0,1.0,1.0,0.3333333333333334,1.0,0.7564107899999999,0.7564107899999999,1.0,1.0,1.0,512.0
Mask-SC-3,92,/home/lunet/cosn2/side_projects/LARA/mask-lrl-cluster-optimization/log/checklist_runs/ct28-interleaved-MaskSC-3-thesis/MetaCTgraph-ppo-supermask-92-mask-linear_comb-ct14_md/260619-160541,similarity,5,F2-D3,F2,3,3,0.5,100,1,1.0,0.19999999999999996,1.0,1.0,1.0,1.0,1.0,1.0,0.3333333333333334,1.0,1.0,1.0,1.0,0.3333333333333334,1.0,0.7724142799999999,0.7724142799999999,1.0,1.0,1.0,512.0
Mask-SC-3,92,/home/lunet/cosn2/side_projects/LARA/mask-lrl-cluster-optimization/log/checklist_runs/ct28-interleaved-MaskSC-3-thesis/MetaCTgraph-ppo-supermask-92-mask-linear_comb-ct14_md/260619-160541,similarity,6,F3-D3,F3,3,3,0.5,100,1,1.0,0.1666666666666667,1.0,1.0,1.0,1.0,1.0,1.0,0.3333333333333334,1.0,1.0,1.0,1.0,0.3333333333333334,1.0,0.7837677000000001,0.7837677000000001,1.0,1.0,1.0,512.0
Mask-SC-3,92,/home/lunet/cosn2/side_projects/LARA/mask-lrl-cluster-optimization/log/checklist_runs/ct28-interleaved-MaskSC-3-thesis/MetaCTgraph-ppo-supermask-92-mask-linear_comb-ct14_md/260619-160541,similarity,7,F4-D3,F4,3,3,0.5,100,1,1.0,0.1428571428571428,1.0,1.0,1.0,1.0,1.0,1.0,0.3333333333333334,1.0,1.0,1.0,1.0,0.3333333333333334,1.0,0.80422332,0.80422332,1.0,1.0,1.0,512.0
Mask-SC-3,92,/home/lunet/cosn2/side_projects/LARA/mask-lrl-cluster-optimization/log/checklist_runs/ct28-interleaved-MaskSC-3-thesis/MetaCTgraph-ppo-supermask-92-mask-linear_comb-ct14_md/260619-160541,similarity,8,F1-D4,F1,4,3,0.5,100,2,2.0,0.25,1.0,1.0,1.0,1.0,1.0,1.0,0.6666666666666669,2.0,1.0,1.0,1.0,0.6666666666666669,1.0,0.7560936849999998,0.7560936849999998,2.0,1.0,1.0,512.0
Mask-SC-3,92,/home/lunet/cosn2/side_projects/LARA/mask-lrl-cluster-optimization/log/checklist_runs/ct28-interleaved-MaskSC-3-thesis/MetaCTgraph-ppo-supermask-92-mask-linear_comb-ct14_md/260619-160541,similarity,9,F2-D4,F2,4,3,0.5,100,2,2.0,0.22222222222222224,1.0,1.0,1.0,1.0,1.0,1.0,0.6666666666666669,2.0,1.0,1.0,1.0,0.6666666666666669,1.0,0.7878888450000001,0.7878888450000001,2.0,1.0,1.0,512.0
Mask-SC-3,92,/home/lunet/cosn2/side_projects/LARA/mask-lrl-cluster-optimization/log/checklist_runs/ct28-interleaved-MaskSC-3-thesis/MetaCTgraph-ppo-supermask-92-mask-linear_comb-ct14_md/260619-160541,similarity,10,F3-D4,F3,4,3,0.5,100,2,2.0,0.19999999999999996,1.0,1.0,1.0,1.0,1.0,1.0,0.6666666666666669,2.0,1.0,1.0,1.0,0.6666666666666669,1.0,0.765566725,0.765566725,2.0,1.0,1.0,512.0
Mask-SC-3,92,/home/lunet/cosn2/side_projects/LARA/mask-lrl-cluster-optimization/log/checklist_runs/ct28-interleaved-MaskSC-3-thesis/MetaCTgraph-ppo-supermask-92-mask-linear_comb-ct14_md/260619-160541,similarity,11,F4-D4,F4,4,3,0.5,100,2,2.0,0.1818181818181819,1.0,1.0,1.0,1.0,1.0,1.0,0.6666666666666669,2.0,1.0,1.0,1.0,0.6666666666666669,1.0,0.806208145,0.806208145,2.0,1.0,1.0,512.0
Mask-SC-3,92,/home/lunet/cosn2/side_projects/LARA/mask-lrl-cluster-optimization/log/checklist_runs/ct28-interleaved-MaskSC-3-thesis/MetaCTgraph-ppo-supermask-92-mask-linear_comb-ct14_md/260619-160541,similarity,12,F1-D5,F1,5,3,0.5,100,3,3.0,0.25,1.0,1.0,1.0,1.0,1.0,1.0,1.0,3.0,1.0,1.0,1.0,1.0,1.0,0.7568443800000001,0.7568443800000001,3.0,1.0,1.0,512.0
Mask-SC-3,92,/home/lunet/cosn2/side_projects/LARA/mask-lrl-cluster-optimization/log/checklist_runs/ct28-interleaved-MaskSC-3-thesis/MetaCTgraph-ppo-supermask-92-mask-linear_comb-ct14_md/260619-160541,similarity,13,F2-D5,F2,5,3,0.5,100,3,3.0,0.23076923076923075,1.0,1.0,1.0,1.0,1.0,1.0,1.0,3.0,1.0,1.0,1.0,1.0,1.0,0.7788983033333332,0.7788983033333332,3.0,1.0,1.0,512.0
Mask-SC-3,92,/home/lunet/cosn2/side_projects/LARA/mask-lrl-cluster-optimization/log/checklist_runs/ct28-interleaved-MaskSC-3-thesis/MetaCTgraph-ppo-supermask-92-mask-linear_comb-ct14_md/260619-160541,similarity,14,F3-D5,F3,5,3,0.5,100,3,3.0,0.2142857142857143,1.0,1.0,1.0,1.0,1.0,1.0,1.0,3.0,1.0,1.0,1.0,1.0,1.0,0.7595179133333332,0.7595179133333332,3.0,1.0,1.0,512.0
Mask-SC-3,92,/home/lunet/cosn2/side_projects/LARA/mask-lrl-cluster-optimization/log/checklist_runs/ct28-interleaved-MaskSC-3-thesis/MetaCTgraph-ppo-supermask-92-mask-linear_comb-ct14_md/260619-160541,similarity,15,F4-D5,F4,5,3,0.5,100,3,3.0,0.19999999999999996,1.0,1.0,1.0,1.0,1.0,1.0,1.0,3.0,1.0,1.0,1.0,1.0,1.0,0.8043026233333334,0.8043026233333334,3.0,1.0,1.0,512.0
Mask-SC-3,92,/home/lunet/cosn2/side_projects/LARA/mask-lrl-cluster-optimization/log/checklist_runs/ct28-interleaved-MaskSC-3-thesis/MetaCTgraph-ppo-supermask-92-mask-linear_comb-ct14_md/260619-160541,similarity,16,F1-D6,F1,6,3,0.5,100,4,3.0,0.1875,1.0,0.75,1.0,1.0,1.0,0.9848484848484849,1.0,3.0,1.0,0.75,1.0,1.0,1.0,0.7920933933333335,0.7920933933333335,4.0,1.0,1.0,512.0
Mask-SC-3,92,/home/lunet/cosn2/side_projects/LARA/mask-lrl-cluster-optimization/log/checklist_runs/ct28-interleaved-MaskSC-3-thesis/MetaCTgraph-ppo-supermask-92-mask-linear_comb-ct14_md/260619-160541,similarity,17,F2-D6,F2,6,3,0.5,100,4,3.0,0.1764705882352941,1.0,0.75,1.0,1.0,1.0,0.98989898989899,1.0,3.0,1.0,0.75,1.0,1.0,1.0,0.8233939499999998,0.8233939499999998,4.0,1.0,1.0,512.0
Mask-SC-3,92,/home/lunet/cosn2/side_projects/LARA/mask-lrl-cluster-optimization/log/checklist_runs/ct28-interleaved-MaskSC-3-thesis/MetaCTgraph-ppo-supermask-92-mask-linear_comb-ct14_md/260619-160541,similarity,18,F3-D6,F3,6,3,0.5,100,4,3.0,0.1666666666666667,1.0,0.75,1.0,0.99,1.0,0.9848484848484849,1.0,3.0,1.0,0.75,0.99,1.0,1.0,0.8253824633333333,0.8253824633333333,4.0,1.0,1.0,512.0
Mask-SC-3,92,/home/lunet/cosn2/side_projects/LARA/mask-lrl-cluster-optimization/log/checklist_runs/ct28-interleaved-MaskSC-3-thesis/MetaCTgraph-ppo-supermask-92-mask-linear_comb-ct14_md/260619-160541,similarity,19,F4-D6,F4,6,3,0.5,100,4,3.0,0.15789473684210525,1.0,0.75,1.0,1.0,1.0,0.8535353535353535,1.0,3.0,1.0,0.75,1.0,1.0,1.0,0.8415772900000001,0.8415772900000001,4.0,1.0,1.0,512.0
Mask-SC-3,92,/home/lunet/cosn2/side_projects/LARA/mask-lrl-cluster-optimization/log/checklist_runs/ct28-interleaved-MaskSC-3-thesis/MetaCTgraph-ppo-supermask-92-mask-linear_comb-ct14_md/260619-160541,similarity,20,F1-D7,F1,7,3,0.5,100,5,3.0,0.15,1.0,0.6,1.0,1.0,1.0,0.9747474747474747,1.0,3.0,1.0,0.6,1.0,1.0,1.0,0.8096798333333334,0.8096798333333334,5.0,1.0,1.0,512.0
Mask-SC-3,92,/home/lunet/cosn2/side_projects/LARA/mask-lrl-cluster-optimization/log/checklist_runs/ct28-interleaved-MaskSC-3-thesis/MetaCTgraph-ppo-supermask-92-mask-linear_comb-ct14_md/260619-160541,similarity,21,F2-D7,F2,7,3,0.5,100,5,3.0,0.1428571428571428,1.0,0.6,1.0,1.0,1.0,0.898989898989899,1.0,3.0,1.0,0.6,1.0,1.0,1.0,0.8278368700000002,0.8278368700000002,5.0,1.0,1.0,512.0
Mask-SC-3,92,/home/lunet/cosn2/side_projects/LARA/mask-lrl-cluster-optimization/log/checklist_runs/ct28-interleaved-MaskSC-3-thesis/MetaCTgraph-ppo-supermask-92-mask-linear_comb-ct14_md/260619-160541,similarity,22,F3-D7,F3,7,3,0.5,100,5,3.0,0.13636363636363633,1.0,0.6,1.0,1.0,1.0,0.898989898989899,1.0,3.0,1.0,0.6,1.0,1.0,1.0,0.8289782099999999,0.8289782099999999,5.0,1.0,1.0,512.0
Mask-SC-3,92,/home/lunet/cosn2/side_projects/LARA/mask-lrl-cluster-optimization/log/checklist_runs/ct28-interleaved-MaskSC-3-thesis/MetaCTgraph-ppo-supermask-92-mask-linear_comb-ct14_md/260619-160541,similarity,23,F4-D7,F4,7,3,0.5,100,5,3.0,0.13043478260869562,1.0,0.6,1.0,1.0,1.0,0.9949494949494949,1.0,3.0,1.0,0.6,1.0,1.0,1.0,0.8624704066666667,0.8624704066666667,5.0,1.0,1.0,512.0
Mask-SC-3,92,/home/lunet/cosn2/side_projects/LARA/mask-lrl-cluster-optimization/log/checklist_runs/ct28-interleaved-MaskSC-3-thesis/MetaCTgraph-ppo-supermask-92-mask-linear_comb-ct14_md/260619-160541,similarity,24,F1-D8,F1,8,3,0.5,100,6,3.0,0.125,1.0,0.5,1.0,1.0,1.0,0.9343434343434344,1.0,3.0,1.0,0.5,1.0,1.0,1.0,0.8340304366666667,0.8340304366666664,6.0,1.0,1.0,512.0
Mask-SC-3,92,/home/lunet/cosn2/side_projects/LARA/mask-lrl-cluster-optimization/log/checklist_runs/ct28-interleaved-MaskSC-3-thesis/MetaCTgraph-ppo-supermask-92-mask-linear_comb-ct14_md/260619-160541,similarity,25,F2-D8,F2,8,3,0.5,100,6,3.0,0.12,1.0,0.5,1.0,0.95,1.0,0.8707070707070708,1.0,3.0,1.0,0.5,0.95,1.0,1.0,0.8447786000000002,0.8447786000000002,6.0,1.0,1.0,512.0
Mask-SC-3,92,/home/lunet/cosn2/side_projects/LARA/mask-lrl-cluster-optimization/log/checklist_runs/ct28-interleaved-MaskSC-3-thesis/MetaCTgraph-ppo-supermask-92-mask-linear_comb-ct14_md/260619-160541,similarity,26,F3-D8,F3,8,3,0.5,100,6,3.0,0.11538461538461538,1.0,0.5,1.0,0.82,1.0,0.7929292929292929,1.0,3.0,1.0,0.5,0.82,1.0,1.0,0.8421306600000001,0.8421306600000001,6.0,1.0,1.0,512.0
Mask-SC-3,92,/home/lunet/cosn2/side_projects/LARA/mask-lrl-cluster-optimization/log/checklist_runs/ct28-interleaved-MaskSC-3-thesis/MetaCTgraph-ppo-supermask-92-mask-linear_comb-ct14_md/260619-160541,similarity,27,F4-D8,F4,8,3,0.5,100,6,3.0,0.11111111111111112,1.0,0.5,1.0,0.93,1.0,0.9090909090909091,1.0,3.0,1.0,0.5,0.93,1.0,1.0,0.8707113400000002,0.8707113400000002,6.0,1.0,1.0,512.0
